date,src,code,name,close,replay
2026-07-24,rulebook,086280,현대글로비스,207000.0,1
2026-07-24,rulebook,086790,하나금융지주,131252.8,1
2026-07-28,rulebook,033780,KT&G,179629.34,1
2026-07-28,rulebook,021240,코웨이,90550.55,1
2026-07-29,rulebook,033780,KT&G,180519.09,1
2026-07-29,rulebook,018260,삼성에스디에스,197300.0,1
2026-07-29,rulebook,021240,코웨이,89954.83,1
2026-07-29,rulebook,078930,GS,84100.0,1
2026-07-30,rulebook,003550,LG,95590.59,1
2026-07-30,rulebook,078930,GS,86500.0,1
2026-07-30,rulebook,021240,코웨이,90550.55,1
2026-07-30,rulebook,018260,삼성에스디에스,198700.0,1
2026-07-30,rulebook,105560,KB금융,166267.33,1
2026-07-31,rulebook,078930,GS,89000.0,1
2026-07-31,rulebook,033780,KT&G,177058.98,1
2026-07-31,rulebook,003550,LG,100251.13,1
2026-07-31,rulebook,018260,삼성에스디에스,206000.0,1
2026-07-31,rulebook,055550,신한지주,100700.0,1
2026-08-03,rulebook,033780,KT&G,173598.86,1
2026-08-05,rulebook,021240,코웨이,92139.16,1
2026-08-06,rulebook,033780,KT&G,180617.95,1
2026-08-07,rulebook,018260,삼성에스디에스,221500.0,1
2026-08-10,rulebook,021240,코웨이,93628.48,1
2026-08-11,rulebook,036570,엔씨소프트,255500.0,1
2026-08-12,rulebook,036570,엔씨소프트,246500.0,1
2026-08-12,rulebook,021240,코웨이,95117.8,1
2026-08-12,rulebook,055550,신한지주,103800.0,1
2026-08-12,rulebook,033780,KT&G,175378.34,1
2026-08-13,rulebook,000810,삼성화재,611000.0,1
2026-08-13,rulebook,017670,SK텔레콤,90337.0,1
2026-08-13,rulebook,036570,엔씨소프트,243500.0,1
2026-08-13,rulebook,086790,하나금융지주,131000.0,1
2026-08-13,rulebook,055550,신한지주,106600.0,1
2026-08-14,rulebook,000810,삼성화재,615000.0,1
2026-08-14,rulebook,033780,KT&G,173994.31,1
2026-08-18,rulebook,000810,삼성화재,626000.0,1
2026-08-18,rulebook,033780,KT&G,174587.47,1
2026-08-18,rulebook,003550,LG,111753.73,1
2026-08-18,rulebook,066570,LG전자,208000.0,1
2026-08-18,rulebook,006400,삼성SDI,488000.0,1
2026-08-19,rulebook,055550,신한지주,105000.0,1
2026-08-21,rulebook,055550,신한지주,104100.0,1
2026-08-21,rulebook,105560,KB금융,164300.0,1
2026-08-21,rulebook,003550,LG,106795.72,1
2026-08-24,rulebook,032830,삼성생명,285500.0,1
2026-08-24,rulebook,005930,삼성전자,257000.0,1
2026-08-24,rulebook,028260,삼성물산,364500.0,1
2026-08-25,rulebook,012330,현대모비스,498000.0,1
2026-08-26,rulebook,010950,S-Oil,141000.0,1
2026-08-27,rulebook,010950,S-Oil,136700.0,1
2026-08-31,rulebook,105560,KB금융,173300.0,1
2026-08-31,rulebook,055550,신한지주,108900.0,1
2026-08-31,rulebook,018260,삼성에스디에스,240000.0,1
2026-08-31,rulebook,033780,KT&G,178100.0,1
2026-08-31,rulebook,034730,SK,545000.0,1
2026-09-01,rulebook,105560,KB금융,171200.0,1
2026-09-02,rulebook,055550,신한지주,110500.0,1
2026-09-02,rulebook,021240,코웨이,98700.0,1
2026-09-02,rulebook,105560,KB금융,169100.0,1
2026-09-02,rulebook,086790,하나금융지주,134900.0,1
2026-09-03,rulebook,010950,S-Oil,147900.0,1
2026-09-03,rulebook,078930,GS,118900.0,1
2026-09-04,rulebook,000810,삼성화재,663000.0,1
2026-09-04,rulebook,105560,KB금융,172000.0,1
2026-09-04,rulebook,086790,하나금융지주,134300.0,1
2026-09-04,rulebook,028260,삼성물산,367000.0,1
2026-09-08,rulebook,023530,롯데쇼핑,117800.0,1
2026-09-08,rulebook,000660,SK하이닉스,1793000.0,1
2026-09-08,rulebook,028260,삼성물산,382000.0,1
2026-09-08,rulebook,005930,삼성전자,269500.0,1
2026-09-08,rulebook,021240,코웨이,99800.0,1
2026-09-09,signal,090430,아모레퍼시픽,138300.0,1
2026-09-09,rulebook,003550,LG,118100.0,1
2026-09-09,rulebook,078930,GS,122100.0,1
2026-09-09,rulebook,086790,하나금융지주,134000.0,1
2026-09-09,rulebook,018260,삼성에스디에스,224500.0,1
2026-09-10,rulebook,010950,S-Oil,154900.0,1
2026-09-10,rulebook,021240,코웨이,96200.0,1
2026-09-10,rulebook,000810,삼성화재,647000.0,1
2026-09-10,rulebook,078930,GS,117900.0,1
2026-09-10,rulebook,003550,LG,118000.0,1
2026-09-11,rulebook,021240,코웨이,95200.0,1
2026-09-11,rulebook,028260,삼성물산,367000.0,1
2026-09-11,rulebook,010950,S-Oil,150000.0,1
2026-09-14,rulebook,000660,SK하이닉스,1697000.0,1
2026-09-15,rulebook,051900,LG생활건강,302000.0,1
2026-09-15,rulebook,021240,코웨이,101500.0,1
2026-09-15,rulebook,023530,롯데쇼핑,115300.0,1
2026-09-16,rulebook,023530,롯데쇼핑,118600.0,1
2026-09-16,rulebook,033780,KT&G,172000.0,1
2026-09-18,rulebook,021240,코웨이,101100.0,1
2026-09-18,rulebook,034730,SK,545000.0,1
2026-09-18,rulebook,017670,SK텔레콤,89200.0,1
2026-09-18,rulebook,000810,삼성화재,648000.0,1
2026-09-18,rulebook,086790,하나금융지주,133100.0,1
2026-09-21,rulebook,032830,삼성생명,291000.0,1
2026-09-21,rulebook,021240,코웨이,99500.0,1
2026-09-21,rulebook,009150,삼성전기,1429000.0,1
2026-09-22,rulebook,033780,KT&G,177300.0,1
2026-09-23,rulebook,033780,KT&G,174300.0,1
2026-09-23,rulebook,021240,코웨이,99800.0,1
2026-09-28,rulebook,005930,삼성전자,270000.0,1
2026-09-28,rulebook,034730,SK,578000.0,1
2026-09-28,rulebook,032830,삼성생명,296000.0,1
2026-09-28,rulebook,066570,LG전자,214500.0,1
2026-09-28,rulebook,000660,SK하이닉스,1768000.0,1
2026-09-29,rulebook,033780,KT&G,177200.0,1
2026-09-30,rulebook,090430,아모레퍼시픽,138400.0,1
2026-09-30,rulebook,034730,SK,588000.0,1
2026-09-30,rulebook,033780,KT&G,176200.0,1
2026-09-30,rulebook,066570,LG전자,212500.0,1
2026-09-30,rulebook,000660,SK하이닉스,1776000.0,1
2026-10-01,rulebook,096770,SK이노베이션,139600.0,1
2026-10-01,rulebook,010950,S-Oil,148800.0,1
